COUNTRY;LEAGUE;WEEK;DATE;HOME;AWAY;FTHG;FTAG;FTR;HOME_SCORE;AWAY_SCORE;DIFF_SCORE;DIFF_FTR
inglaterra;EFL Championship;1;09/08/2024;Blackburn;Derby County;4;2;H;0.0;0.0;0.0;D
inglaterra;EFL Championship;1;09/08/2024;Preston;Sheffield Utd;0;2;A;0.0;0.0;0.0;D
inglaterra;EFL Championship;1;10/08/2024;Millwall;Watford;2;3;A;0.0;0.0;0.0;D
inglaterra;EFL Championship;1;10/08/2024;Cardiff City;Sunderland;0;2;A;0.0;0.0;0.0;D
inglaterra;EFL Championship;1;10/08/2024;QPR;West Brom;1;3;A;0.0;0.0;0.0;D
inglaterra;EFL Championship;1;10/08/2024;Middlesbrough;Swansea City;1;0;H;0.0;0.0;0.0;D
inglaterra;EFL Championship;1;10/08/2024;Hull City;Bristol City;1;1;D;0.0;0.0;0.0;D
inglaterra;EFL Championship;1;10/08/2024;Oxford United;Norwich City;2;0;H;0.0;0.0;0.0;D
inglaterra;EFL Championship;1;10/08/2024;Leeds United;Portsmouth;3;3;D;0.0;0.0;0.0;D
inglaterra;EFL Championship;1;10/08/2024;Stoke City;Coventry City;1;0;H;0.0;0.0;0.0;D
inglaterra;EFL Championship;1;11/08/2024;Sheffield Weds;Plymouth Argyle;4;0;H;0.0;0.0;0.0;D
inglaterra;EFL Championship;1;12/08/2024;Luton Town;Burnley;1;4;A;0.0;0.0;0.0;D
inglaterra;EFL Championship;2;16/08/2024;Coventry City;Oxford United;3;2;H;-0.5;0.9999999999999998;-1.4999999999999998;D
inglaterra;EFL Championship;2;17/08/2024;Portsmouth;Luton Town;0;0;D;-2.220446049250313e-16;-1.5;1.4999999999999998;D
inglaterra;EFL Championship;2;17/08/2024;West Brom;Leeds United;0;0;D;0.9999999999999998;2.220446049250313e-16;0.9999999999999996;D
inglaterra;EFL Championship;2;17/08/2024;Derby County;Middlesbrough;1;0;H;-1.0;0.4999999999999999;-1.5;A
inglaterra;EFL Championship;2;17/08/2024;Bristol City;Millwall;4;3;H;0.0;-0.4999999999999999;0.4999999999999999;D
inglaterra;EFL Championship;2;17/08/2024;Swansea City;Preston;3;0;H;-0.4999999999999999;-0.9999999999999998;0.4999999999999999;D
inglaterra;EFL Championship;2;17/08/2024;Burnley;Cardiff City;5;0;H;1.4999999999999996;-0.9999999999999996;2.499999999999999;H
inglaterra;EFL Championship;2;17/08/2024;Plymouth Argyle;Hull City;1;1;D;-2.0;0.0;-2.0;A
inglaterra;EFL Championship;2;17/08/2024;Norwich City;Blackburn;2;2;D;-0.9999999999999998;0.9999999999999996;-1.9999999999999993;A
inglaterra;EFL Championship;2;17/08/2024;Sheffield Utd;QPR;2;2;D;0.9999999999999998;-1.0;1.9999999999999998;H
inglaterra;EFL Championship;2;17/08/2024;Watford;Stoke City;3;0;H;0.5000000000000003;0.4999999999999999;4.440892098500626e-16;D
inglaterra;EFL Championship;2;18/08/2024;Sunderland;Sheffield Weds;4;0;H;1.0;2.0;-1.0;D
inglaterra;EFL Championship;3;23/08/2024;Sheffield Weds;Leeds United;0;2;A;2.0416666666666616;1.541666666666669;0.4999999999999927;D
inglaterra;EFL Championship;3;24/08/2024;QPR;Plymouth Argyle;1;1;D;-1.958333333333333;-1.2083333333333368;-0.7499999999999962;D
inglaterra;EFL Championship;3;24/08/2024;Hull City;Millwall;0;0;D;-0.4583333333333379;0.0416666666666678;-0.5000000000000058;D
inglaterra;EFL Championship;3;24/08/2024;Bristol City;Coventry City;1;1;D;0.2916666666666647;-0.7083333333333304;0.9999999999999951;D
inglaterra;EFL Championship;3;24/08/2024;Sunderland;Burnley;1;0;H;5.291666666666661;6.791666666666668;-1.500000000000007;A
inglaterra;EFL Championship;3;24/08/2024;Preston;Luton Town;1;0;H;-5.458333333333332;3.0416666666666674;-8.5;A
inglaterra;EFL Championship;3;24/08/2024;Watford;Derby County;2;1;H;1.791666666666666;-2.708333333333336;4.500000000000002;H
inglaterra;EFL Championship;3;24/08/2024;Blackburn;Oxford United;2;1;H;-1.4583333333333337;-0.9583333333333311;-0.5000000000000026;D
inglaterra;EFL Championship;3;24/08/2024;Stoke City;West Brom;1;2;A;-0.4583333333333325;0.7916666666666665;-1.2499999999999991;D
inglaterra;EFL Championship;3;24/08/2024;Middlesbrough;Portsmouth;2;2;D;-2.958333333333337;2.2916666666666674;-5.250000000000004;A
inglaterra;EFL Championship;3;24/08/2024;Norwich City;Sheffield Utd;1;1;D;-2.208333333333332;-2.708333333333332;0.5;D
inglaterra;EFL Championship;3;25/08/2024;Swansea City;Cardiff City;1;1;D;-3.208333333333338;2.5416666666666705;-5.750000000000009;A
inglaterra;EFL Championship;4;30/08/2024;Luton Town;QPR;1;2;A;-0.9401768981379306;-1.3137072308301854;0.3735303326922548;D
inglaterra;EFL Championship;4;31/08/2024;Cardiff City;Middlesbrough;0;2;A;-0.240351026848208;0.0096314756076171;-0.2499825024558251;D
inglaterra;EFL Championship;4;31/08/2024;Burnley;Blackburn;1;1;D;3.0313137339310727;0.8264741943324139;2.204839539598659;H
inglaterra;EFL Championship;4;31/08/2024;Coventry City;Norwich City;0;1;A;-0.2273242922860779;-0.5835604311873075;0.3562361389012296;D
inglaterra;EFL Championship;4;31/08/2024;Portsmouth;Sunderland;1;3;A;-0.002056155820311;3.274469126779356;-3.276525282599667;A
inglaterra;EFL Championship;4;31/08/2024;Derby County;Bristol City;3;0;H;0.057786523898212;-0.3047266862251725;0.3625132101233845;D
inglaterra;EFL Championship;4;31/08/2024;Leeds United;Hull City;2;0;H;0.9243769550693918;-1.0232736286744413;1.9476505837438332;H
inglaterra;EFL Championship;4;31/08/2024;Oxford United;Preston;3;1;H;0.0051964902863456;-1.849788272524552;1.8549847628108975;H
inglaterra;EFL Championship;4;31/08/2024;West Brom;Swansea City;1;0;H;0.7427423477732629;-0.0268359412550464;0.7695782890283093;D
inglaterra;EFL Championship;4;31/08/2024;Millwall;Sheffield Weds;3;0;H;-0.6635821377150086;0.0324446732551995;-0.6960268109702081;D
inglaterra;EFL Championship;4;31/08/2024;Plymouth Argyle;Stoke City;0;1;A;-2.101512062083141;-0.3824426809194075;-1.7190693811637334;A
inglaterra;EFL Championship;4;01/09/2024;Sheffield Utd;Watford;1;0;H;-0.5823519781806821;1.3372539017546003;-1.9196058799352824;A
inglaterra;EFL Championship;5;13/09/2024;Hull City;Sheffield Utd;0;2;A;-1.113474249717999;0.520535373805822;-1.634009623523821;A
inglaterra;EFL Championship;5;14/09/2024;Oxford United;Stoke City;1;0;H;0.526643879142447;-0.6639682252083858;1.1906121043508329;D
inglaterra;EFL Championship;5;14/09/2024;Leeds United;Burnley;0;1;A;0.6240718813260377;2.135967260245657;-1.5118953789196192;A
inglaterra;EFL Championship;5;14/09/2024;Millwall;Luton Town;0;1;A;-0.2014849965690839;-1.3210939449773855;1.1196089484083016;D
inglaterra;EFL Championship;5;14/09/2024;Swansea City;Norwich City;1;0;H;-0.1289603071685316;0.3508947038634954;-0.479855011032027;D
inglaterra;EFL Championship;5;14/09/2024;Derby County;Cardiff City;1;0;H;0.8960051243134839;-1.0878107582474272;1.9838158825609111;H
inglaterra;EFL Championship;5;14/09/2024;Sheffield Weds;QPR;1;1;D;-1.1327544803040104;-0.8058062779262529;-0.32694820237775746;D
inglaterra;EFL Championship;5;14/09/2024;Blackburn;Bristol City;3;0;H;1.7273777418912704;-0.6974830753397865;2.424860817231057;H
inglaterra;EFL Championship;5;14/09/2024;Watford;Coventry City;1;1;D;1.137771819085457;-0.3709781793855579;1.508749998471015;H
inglaterra;EFL Championship;5;14/09/2024;Plymouth Argyle;Sunderland;3;2;H;-2.1790008082891634;2.225396002316168;-4.4043968106053315;A
inglaterra;EFL Championship;5;14/09/2024;Middlesbrough;Preston;1;1;D;0.4163540116169924;-1.6007187497994133;2.0170727614164057;H
inglaterra;EFL Championship;5;15/09/2024;Portsmouth;West Brom;0;3;A;-0.0138180124295481;0.7563342677557175;-0.7701522801852656;D
inglaterra;EFL Championship;6;20/09/2024;Stoke City;Hull City;1;3;A;-0.2864801065552745;-1.0751922039695454;0.788712097414271;D
inglaterra;EFL Championship;6;21/09/2024;QPR;Millwall;1;1;D;-0.439955030761389;-0.6545774886634615;0.21462245790207257;D
inglaterra;EFL Championship;6;21/09/2024;Norwich City;Watford;4;1;H;0.2269621982083019;0.8156986811197618;-0.58873648291146;D
inglaterra;EFL Championship;6;21/09/2024;Sunderland;Middlesbrough;1;0;H;1.1525491503104048;-0.0573151466929632;1.209864297003368;D
inglaterra;EFL Championship;6;21/09/2024;West Brom;Plymouth Argyle;1;0;H;1.3218236521098037;-1.1458458065438215;2.467669458653625;H
inglaterra;EFL Championship;6;21/09/2024;Luton Town;Sheffield Weds;2;1;H;-0.9831162723858644;-1.080150841743324;0.09703456935745969;D
inglaterra;EFL Championship;6;21/09/2024;Bristol City;Oxford United;2;1;H;-0.9501268063383496;0.6789267893758367;-1.6290535957141863;A
inglaterra;EFL Championship;6;21/09/2024;Sheffield Utd;Derby County;1;0;H;0.687514114756253;0.4350407348992351;0.2524733798570179;D
inglaterra;EFL Championship;6;21/09/2024;Burnley;Portsmouth;2;1;H;1.8446909582547888;-0.5757967299433919;2.4204876881981807;H
inglaterra;EFL Championship;6;21/09/2024;Coventry City;Swansea City;1;2;A;-0.1030038488379446;0.2242751608674098;-0.3272790097053544;D
inglaterra;EFL Championship;6;21/09/2024;Cardiff City;Leeds United;0;2;A;-1.2801518284722264;0.6870749669416681;-1.9672267954138944;A
inglaterra;EFL Championship;6;22/09/2024;Preston;Blackburn;0;0;D;-1.0899430708158675;1.6470987748799617;-2.7370418456958294;A
inglaterra;EFL Championship;7;27/09/2024;Plymouth Argyle;Luton Town;3;1;H;-0.953094239689142;-0.7357230349415753;-0.21737120474756666;D
inglaterra;EFL Championship;7;28/09/2024;Blackburn;QPR;2;0;H;1.234128871930378;-0.3945449711989644;1.6286738431293424;H
inglaterra;EFL Championship;7;28/09/2024;Derby County;Norwich City;2;3;A;0.2439762624707653;0.5924055111560587;-0.34842924868529335;D
inglaterra;EFL Championship;7;28/09/2024;Sheffield Weds;West Brom;3;2;H;-1.1206423867676625;1.0944138963986556;-2.215056283166318;A
inglaterra;EFL Championship;7;28/09/2024;Leeds United;Coventry City;3;0;H;0.7365166781386807;-0.359666239022656;1.0961829171613366;D
inglaterra;EFL Championship;7;28/09/2024;Watford;Sunderland;2;1;H;0.1535997766350459;1.1721421897916957;-1.0185424131566498;D
inglaterra;EFL Championship;7;28/09/2024;Millwall;Preston;3;1;H;-0.5491509427066792;-0.6468339422284144;0.0976829995217352;D
inglaterra;EFL Championship;7;28/09/2024;Middlesbrough;Stoke City;2;0;H;0.0942198522471364;-0.9028928125998252;0.9971126648469616;D
inglaterra;EFL Championship;7;28/09/2024;Oxford United;Burnley;0;0;D;0.214431283837894;1.6313478025541464;-1.4169165187162522;D
inglaterra;EFL Championship;7;28/09/2024;Portsmouth;Sheffield Utd;0;0;D;-0.3345137693018747;0.8969268805126214;-1.231440649814496;D
inglaterra;EFL Championship;7;28/09/2024;Hull City;Cardiff City;4;1;H;-0.5670413537587531;-1.2844641202924172;0.7174227665336641;D
inglaterra;EFL Championship;7;29/09/2024;Swansea City;Bristol City;1;1;D;0.4150124930430591;-0.6305536862081738;1.045566179251233;D
inglaterra;EFL Championship;8;01/10/2024;Burnley;Plymouth Argyle;1;0;H;1.3720598337908605;-0.6290247754934714;2.001084609284332;H
inglaterra;EFL Championship;8;01/10/2024;QPR;Hull City;1;3;A;-0.3720482125495773;-0.1557362137323069;-0.21631199881727042;D
inglaterra;EFL Championship;8;01/10/2024;Sunderland;Derby County;2;0;H;0.9444359564331336;0.1480199472958228;0.7964160091373108;D
inglaterra;EFL Championship;8;01/10/2024;Luton Town;Oxford United;2;2;D;-0.9510619507476316;0.3365598721089195;-1.287621822856551;D
inglaterra;EFL Championship;8;01/10/2024;Coventry City;Blackburn;3;0;H;-0.5618491764745083;1.2505182003430833;-1.8123673768175914;A
inglaterra;EFL Championship;8;01/10/2024;Cardiff City;Millwall;1;0;H;-1.6495402611502137;-0.1545530822170568;-1.4949871789331568;D
inglaterra;EFL Championship;8;01/10/2024;Norwich City;Leeds United;1;1;D;0.6387728675068809;0.9729404885971522;-0.3341676210902713;D
inglaterra;EFL Championship;8;01/10/2024;West Brom;Middlesbrough;0;1;A;0.7406113154424913;0.0502786596717174;0.6903326557707739;D
inglaterra;EFL Championship;8;02/10/2024;Stoke City;Portsmouth;6;1;H;-0.97384571465255;-0.299433469048413;-0.674412245604137;D
inglaterra;EFL Championship;8;02/10/2024;Sheffield Utd;Swansea City;1;0;H;0.7747014134733998;0.1212194998921495;0.6534819135812503;D
inglaterra;EFL Championship;8;02/10/2024;Preston;Watford;3;0;H;-0.9389053410679178;0.4022403159093021;-1.3411456569772198;D
inglaterra;EFL Championship;8;02/10/2024;Bristol City;Sheffield Weds;0;0;D;-0.4308315646834141;-0.6355286086478509;0.20469704396443678;D
inglaterra;EFL Championship;9;04/10/2024;Sunderland;Leeds United;2;2;D;1.008525746934803;0.9409859448154676;0.06753980211933541;D
inglaterra;EFL Championship;9;05/10/2024;Burnley;Preston;0;0;D;1.1609319304160233;-0.5067594170016413;1.6676913474176644;H
inglaterra;EFL Championship;9;05/10/2024;Portsmouth;Oxford United;1;1;D;-0.9260698633796542;0.2861566767136643;-1.2122265400933185;D
inglaterra;EFL Championship;9;05/10/2024;Norwich City;Hull City;4;0;H;0.6025431525229681;0.1310224561069291;0.471520696416039;D
inglaterra;EFL Championship;9;05/10/2024;Plymouth Argyle;Blackburn;2;1;H;-0.4546978837768998;0.6672318044904608;-1.1219296882673606;D
inglaterra;EFL Championship;9;05/10/2024;Watford;Middlesbrough;2;1;H;0.0118342244974486;0.3424652202333014;-0.3306309957358528;D
inglaterra;EFL Championship;9;05/10/2024;Swansea City;Stoke City;0;0;D;0.240478325161222;-0.2549956173510884;0.49547394251231036;D
inglaterra;EFL Championship;9;05/10/2024;Sheffield Utd;Luton Town;2;0;H;0.7281984596743383;-0.9021417331526508;1.630340192826989;H
inglaterra;EFL Championship;9;05/10/2024;Derby County;QPR;2;0;H;-0.0563933045727965;-0.6710678959397738;0.6146745913669773;D
inglaterra;EFL Championship;9;05/10/2024;Coventry City;Sheffield Weds;1;2;A;0.0018530894039333;-0.6773290986220138;0.6791821880259471;D
inglaterra;EFL Championship;9;05/10/2024;West Brom;Millwall;0;0;D;0.5674711413925702;-0.4282983136309231;0.9957694550234932;D
inglaterra;EFL Championship;9;06/10/2024;Bristol City;Cardiff City;1;1;D;-0.4794097956186909;-1.332535249316995;0.8531254536983042;D
inglaterra;EFL Championship;10;18/10/2024;Leeds United;Sheffield Utd;2;0;H;0.9401652139262058;0.8175778756639352;0.12258733826227053;D
inglaterra;EFL Championship;10;19/10/2024;Oxford United;West Brom;1;1;D;0.1369971937712508;0.4829356199564754;-0.3459384261852246;D
inglaterra;EFL Championship;10;19/10/2024;Cardiff City;Plymouth Argyle;5;0;H;-1.289046874045621;-0.3055037863670408;-0.9835430876785801;D
inglaterra;EFL Championship;10;19/10/2024;Luton Town;Watford;3;0;H;-0.91436236043925;0.2341619465754117;-1.1485243070146618;D
inglaterra;EFL Championship;10;19/10/2024;Preston;Coventry City;1;0;H;-0.3524664965781987;-0.1664458630652773;-0.18602063351292136;D
inglaterra;EFL Championship;10;19/10/2024;Millwall;Derby County;1;1;D;-0.3363567780377218;0.1131546832237039;-0.4495114612614257;D
inglaterra;EFL Championship;10;19/10/2024;QPR;Portsmouth;1;2;A;-0.8270652363086792;-0.8290676111055864;0.002002374796907125;D
inglaterra;EFL Championship;10;19/10/2024;Stoke City;Norwich City;1;1;D;-0.2435900382636602;0.9443214766510116;-1.187911514914672;D
inglaterra;EFL Championship;10;19/10/2024;Middlesbrough;Bristol City;0;2;A;0.2650876769048453;-0.6265774599145415;0.8916651368193869;D
inglaterra;EFL Championship;10;19/10/2024;Sheffield Weds;Burnley;0;2;A;-0.5207817408410851;0.9874053358498586;-1.5081870766909438;A
inglaterra;EFL Championship;10;19/10/2024;Blackburn;Swansea City;1;0;H;0.4337577608068992;0.2035328797009967;0.2302248811059025;D
inglaterra;EFL Championship;10;20/10/2024;Hull City;Sunderland;0;1;A;-0.2140084007440112;1.0661749826800782;-1.2801833834240894;D
inglaterra;EFL Championship;11;22/10/2024;Stoke City;Bristol City;2;2;D;-0.2619005037033703;-0.2993807745985547;0.03748027089518441;D
inglaterra;EFL Championship;11;22/10/2024;Oxford United;Derby County;1;1;D;0.2372652340219762;0.0517823511448758;0.18548288287710038;D
inglaterra;EFL Championship;11;22/10/2024;Leeds United;Watford;2;1;H;1.1532246599352407;-0.2124914864837542;1.3657161464189949;D
inglaterra;EFL Championship;11;22/10/2024;Preston;Norwich City;2;2;D;-0.2671219400888919;0.7763785386813657;-1.0435004787702575;D
inglaterra;EFL Championship;11;22/10/2024;Cardiff City;Portsmouth;2;0;H;-0.6999572045354193;-0.7211064576402024;0.021149253104783106;D
inglaterra;EFL Championship;11;22/10/2024;Sheffield Weds;Swansea City;0;0;D;-0.5449565785191092;0.1483230171390493;-0.6932795956581584;D
inglaterra;EFL Championship;11;22/10/2024;QPR;Coventry City;1;1;D;-0.950364183721114;-0.2798230785644978;-0.6705411051566161;D
inglaterra;EFL Championship;11;23/10/2024;Millwall;Plymouth Argyle;1;0;H;-0.2263231347672309;-0.8181947016099615;0.5918715668427307;D
inglaterra;EFL Championship;11;23/10/2024;Luton Town;Sunderland;1;2;A;-0.5754398064422049;1.01811791997219;-1.593557726414395;A
inglaterra;EFL Championship;11;23/10/2024;Blackburn;West Brom;0;0;D;0.4724290479710716;0.403191297298571;0.0692377506725006;D
inglaterra;EFL Championship;11;23/10/2024;Hull City;Burnley;1;1;D;-0.1684930217267095;1.125426017306468;-1.2939190390331776;D
inglaterra;EFL Championship;11;23/10/2024;Middlesbrough;Sheffield Utd;1;0;H;0.0159456218504502;0.6234691670797643;-0.6075235452293141;D
inglaterra;EFL Championship;12;25/10/2024;Portsmouth;Sheffield Weds;1;2;A;-0.9003375105078641;-0.4911254713903369;-0.40921203911752724;D
inglaterra;EFL Championship;12;26/10/2024;Bristol City;Leeds United;0;0;D;-0.2593852228069138;1.0958906573823433;-1.355275880189257;D
inglaterra;EFL Championship;12;26/10/2024;Coventry City;Luton Town;3;2;H;-0.345759279186097;-0.5409174000104897;0.1951581208243927;D
inglaterra;EFL Championship;12;26/10/2024;Watford;Blackburn;1;0;H;-0.183754010255193;0.4492547800783581;-0.6330087903335511;D
inglaterra;EFL Championship;12;26/10/2024;Burnley;QPR;0;0;D;1.0169706129803116;-0.8976517327865171;1.9146223457668285;H
inglaterra;EFL Championship;12;26/10/2024;Plymouth Argyle;Preston;3;3;D;-0.8244244728355915;-0.1948060704370494;-0.629618402398542;D
inglaterra;EFL Championship;12;26/10/2024;Sheffield Utd;Stoke City;2;0;H;0.4839654999665203;-0.2778417010150584;0.7618072009815786;D
inglaterra;EFL Championship;12;26/10/2024;Sunderland;Oxford United;2;0;H;0.984605964042104;0.1913859770500078;0.7932199869920962;D
inglaterra;EFL Championship;12;26/10/2024;Swansea City;Millwall;0;1;A;0.0974052304289214;-0.1349201859417876;0.23232541637070897;D
inglaterra;EFL Championship;12;26/10/2024;West Brom;Cardiff City;0;0;D;0.4058056434400017;-0.522152644013214;0.9279582874532157;D
inglaterra;EFL Championship;12;26/10/2024;Derby County;Hull City;1;1;D;0.0849864023104798;-0.0606970665748551;0.1456834688853349;D
inglaterra;EFL Championship;12;27/10/2024;Norwich City;Middlesbrough;3;3;D;0.6672754927044001;0.1562265073775204;0.5110489853268797;D
inglaterra;EFL Championship;13;01/11/2024;Luton Town;West Brom;1;1;D;-0.5810107980066562;0.31905605329392;-0.9000668513005763;D
inglaterra;EFL Championship;13;02/11/2024;Oxford United;Swansea City;1;2;A;0.0532317434467269;0.0020828943767459;0.051148849069980996;D
inglaterra;EFL Championship;13;02/11/2024;Blackburn;Sheffield Utd;0;2;A;0.3044177084342795;0.5782748622288564;-0.27385715379457687;D
inglaterra;EFL Championship;13;02/11/2024;Stoke City;Derby County;2;1;H;-0.3758353955329696;0.1166035250534503;-0.49243892058641986;D
inglaterra;EFL Championship;13;02/11/2024;Cardiff City;Norwich City;2;1;H;-0.445045370310598;0.6040994633352496;-1.0491448336458475;D
inglaterra;EFL Championship;13;02/11/2024;Sheffield Weds;Watford;2;6;A;-0.4388545124258605;-0.0526449157763586;-0.3862095966495019;D
inglaterra;EFL Championship;13;02/11/2024;Preston;Bristol City;1;3;A;-0.2599004944760673;-0.1586443055635389;-0.10125618891252838;D
inglaterra;EFL Championship;13;02/11/2024;Hull City;Portsmouth;1;1;D;-0.0222572492082787;-0.957756054769336;0.9354988055610574;D
inglaterra;EFL Championship;13;02/11/2024;QPR;Sunderland;0;0;D;-0.7427456784577673;1.079687150243502;-1.8224328287012692;A
inglaterra;EFL Championship;13;02/11/2024;Middlesbrough;Coventry City;0;3;A;0.2041647843419035;-0.3034421687316541;0.5076069530735576;D
inglaterra;EFL Championship;13;02/11/2024;Leeds United;Plymouth Argyle;3;0;H;1.0044982658663717;-0.7761898533698786;1.7806881192362503;H
inglaterra;EFL Championship;13;03/11/2024;Millwall;Burnley;1;0;H;-0.0032958920725746;0.8515062380805352;-0.8548021301531098;D
inglaterra;EFL Championship;14;05/11/2024;QPR;Middlesbrough;1;4;A;-0.6293944136610073;-0.0211511882835273;-0.6082432253774801;D
inglaterra;EFL Championship;14;05/11/2024;Sheffield Weds;Norwich City;2;0;H;-0.663795780345513;0.4743822899708899;-1.1381780703164028;D
inglaterra;EFL Championship;14;05/11/2024;Bristol City;Sheffield Utd;1;2;A;-0.0217915572923829;0.7137351264816795;-0.7355266837740624;D
inglaterra;EFL Championship;14;05/11/2024;Oxford United;Hull City;1;0;H;-0.0390406672722383;-0.0756790417504358;0.0366383744781975;D
inglaterra;EFL Championship;14;05/11/2024;Plymouth Argyle;Portsmouth;1;0;H;-0.8901302105803405;-0.911504357374226;0.021374146793885496;D
inglaterra;EFL Championship;14;05/11/2024;Swansea City;Watford;1;0;H;0.0776359141488993;0.2058850869684662;-0.12824917281956688;D
inglaterra;EFL Championship;14;06/11/2024;Blackburn;Stoke City;0;2;A;0.1863103255375073;-0.2502827449307044;0.4365930704682117;D
inglaterra;EFL Championship;14;06/11/2024;Millwall;Leeds United;1;0;H;0.1331559793731191;1.1015701554963069;-0.9684141761231878;D
inglaterra;EFL Championship;14;06/11/2024;Coventry City;Derby County;1;2;A;-0.0368800218584045;0.0205523226356148;-0.0574323444940193;D
inglaterra;EFL Championship;14;06/11/2024;Preston;Sunderland;0;0;D;-0.388059125664183;0.9186773710090514;-1.3067364966732344;D
inglaterra;EFL Championship;14;06/11/2024;Luton Town;Cardiff City;1;0;H;-0.5117085788317665;-0.3276263718874181;-0.18408220694434835;D
inglaterra;EFL Championship;14;07/11/2024;West Brom;Burnley;0;0;D;0.2503106201068534;0.6848288680037583;-0.4345182478969049;D
inglaterra;EFL Championship;15;08/11/2024;Watford;Oxford United;1;0;H;0.1468533352843056;0.0179861567663751;0.1288671785179305;D
inglaterra;EFL Championship;15;09/11/2024;Stoke City;Millwall;1;1;D;-0.0881850347653026;0.2784540661247694;-0.366639100890072;D
inglaterra;EFL Championship;15;09/11/2024;Middlesbrough;Luton Town;5;1;H;0.1317540115077759;-0.4219762705539371;0.553730282061713;D
inglaterra;EFL Championship;15;09/11/2024;Cardiff City;Blackburn;1;3;A;-0.4114380832259744;0.0166909140333516;-0.428128997259326;D
inglaterra;EFL Championship;15;09/11/2024;Portsmouth;Preston;3;1;H;-0.969639672963008;-0.2949859412491053;-0.6746537317139027;D
inglaterra;EFL Championship;15;09/11/2024;Leeds United;QPR;2;0;H;0.9454887473104584;-0.7830762875405716;1.72856503485103;H
inglaterra;EFL Championship;15;09/11/2024;Norwich City;Bristol City;0;2;A;0.2637913665785354;-0.0125228669328579;0.27631423351139334;D
inglaterra;EFL Championship;15;09/11/2024;Derby County;Plymouth Argyle;1;1;D;0.0603046088024016;-0.8272632683553812;0.8875678771577828;D
inglaterra;EFL Championship;15;09/11/2024;Sunderland;Coventry City;2;2;D;0.82916548698865;-0.0931470215384221;0.9223125085270721;D
inglaterra;EFL Championship;15;10/11/2024;Sheffield Utd;Sheffield Weds;1;0;H;0.7147728015204777;-0.465337674121501;1.1801104756419787;D
inglaterra;EFL Championship;15;10/11/2024;Hull City;West Brom;1;2;A;-0.166834321567479;0.3035068368075665;-0.47034115837504553;D
inglaterra;EFL Championship;15;10/11/2024;Burnley;Swansea City;1;0;H;0.6464814777467307;0.1791566333421414;0.4673248444045893;D
inglaterra;EFL Championship;16;22/11/2024;Plymouth Argyle;Watford;2;2;D;-0.7849138648425846;0.1839419866883593;-0.9688558515309439;D
inglaterra;EFL Championship;16;23/11/2024;Bristol City;Burnley;0;1;A;0.1288638823062007;0.6606187469661309;-0.5317548646599302;D
inglaterra;EFL Championship;16;23/11/2024;Sheffield Weds;Cardiff City;1;1;D;-0.4514609774826115;-0.504764590572872;0.05330361309026055;D
inglaterra;EFL Championship;16;23/11/2024;Coventry City;Sheffield Utd;2;2;D;-0.0414117573509451;0.7102983041478019;-0.7517100614987471;D
inglaterra;EFL Championship;16;23/11/2024;QPR;Stoke City;1;1;D;-0.7841684257826275;-0.0346384510277672;-0.7495299747548603;D
inglaterra;EFL Championship;16;23/11/2024;Millwall;Sunderland;1;1;D;0.2400570570046214;0.7635017845644309;-0.5234447275598094;D
inglaterra;EFL Championship;16;23/11/2024;Luton Town;Hull City;1;0;H;-0.6419874087802201;-0.1998925993752944;-0.4420948094049257;D
inglaterra;EFL Championship;16;23/11/2024;Preston;Derby County;1;1;D;-0.4600046658659011;0.0140566226709001;-0.4740612885368012;D
inglaterra;EFL Championship;16;23/11/2024;Oxford United;Middlesbrough;2;6;A;-0.0463225641603522;0.3436327706959359;-0.3899553348562881;D
inglaterra;EFL Championship;16;23/11/2024;West Brom;Norwich City;2;2;D;0.3484623220267321;0.1253566904114334;0.2231056316152987;D
inglaterra;EFL Championship;16;24/11/2024;Swansea City;Leeds United;3;4;A;0.1542625247429288;0.9724807533979556;-0.8182182286550268;D
inglaterra;EFL Championship;17;26/11/2024;Watford;Bristol City;1;0;H;0.1367344549401344;0.1016548436145593;0.03507961132557509;D
inglaterra;EFL Championship;17;26/11/2024;Burnley;Coventry City;2;0;H;0.6821962969968296;0.0091615404522643;0.6730347565445653;D
inglaterra;EFL Championship;17;26/11/2024;Sheffield Utd;Oxford United;3;0;H;0.6738182076911049;-0.2663194059125325;0.9401376136036375;D
inglaterra;EFL Championship;17;26/11/2024;Stoke City;Preston;0;0;D;-0.0862041446841455;-0.426930980330507;0.3407268356463615;D
inglaterra;EFL Championship;17;26/11/2024;Norwich City;Plymouth Argyle;6;1;H;0.1324634944338505;-0.7263585076415704;0.8588220020754209;D
inglaterra;EFL Championship;17;26/11/2024;Hull City;Sheffield Weds;0;2;A;-0.3051482961453314;-0.4514579150580929;0.1463096189127615;D
inglaterra;EFL Championship;17;26/11/2024;Sunderland;West Brom;0;0;D;0.7333484661560635;0.3402621455894337;0.39308632056662984;D
inglaterra;EFL Championship;17;27/11/2024;Cardiff City;QPR;0;2;A;-0.4890917655418375;-0.7256996579450816;0.23660789240324415;D
inglaterra;EFL Championship;17;27/11/2024;Middlesbrough;Blackburn;0;1;A;0.548932405764722;0.2226979848393983;0.32623442092532373;D
inglaterra;EFL Championship;17;27/11/2024;Leeds United;Luton Town;3;0;H;0.9751662994036894;-0.5577599419956516;1.532926241399341;H
inglaterra;EFL Championship;17;27/11/2024;Derby County;Swansea City;1;2;A;-0.0122430075440089;0.1483835438627293;-0.1606265514067382;D
inglaterra;EFL Championship;18;29/11/2024;Sheffield Utd;Sunderland;1;0;H;0.8074116738067068;0.6865601480185257;0.12085152578818104;D
inglaterra;EFL Championship;18;30/11/2024;Middlesbrough;Hull City;3;1;H;0.4806139553204325;-0.4299801169924528;0.9105940723128854;D
inglaterra;EFL Championship;18;30/11/2024;Watford;QPR;0;0;D;0.1937738152495332;-0.613429562171378;0.8072033774209112;D
inglaterra;EFL Championship;18;30/11/2024;Oxford United;Millwall;1;1;D;-0.378338141607546;0.2480830455187838;-0.6264211871263298;D
inglaterra;EFL Championship;18;30/11/2024;Blackburn;Leeds United;1;0;H;0.3003317043282752;1.0659199809322677;-0.7655882766039925;D
inglaterra;EFL Championship;18;30/11/2024;Stoke City;Burnley;0;2;A;-0.1056554473013867;0.7406422339888548;-0.8462976812902414;D
inglaterra;EFL Championship;18;30/11/2024;Swansea City;Portsmouth;2;2;D;0.2162441607978736;-0.9292131045283558;1.1454572653262294;D
inglaterra;EFL Championship;18;30/11/2024;Coventry City;Cardiff City;2;2;D;-0.0377885704417289;-0.6147705761286327;0.5769820056869038;D
inglaterra;EFL Championship;18;30/11/2024;Norwich City;Luton Town;4;2;H;0.3622745592557191;-0.6535848274294136;1.0158593866851326;D
inglaterra;EFL Championship;18;30/11/2024;Bristol City;Plymouth Argyle;4;0;H;0.061310684779382;-0.9527474312586184;1.0140581160380004;D
inglaterra;EFL Championship;18;30/11/2024;Preston;West Brom;1;1;D;-0.413532959390196;0.3588224513403729;-0.7723554107305689;D
inglaterra;EFL Championship;18;01/12/2024;Derby County;Sheffield Weds;1;2;A;-0.0699787681303958;-0.3229689079566212;0.2529901398262254;D
inglaterra;EFL Championship;19;06/12/2024;Burnley;Middlesbrough;1;1;D;0.7978643056866431;0.5480083494058646;0.2498559562807785;D
inglaterra;EFL Championship;19;07/12/2024;Sunderland;Stoke City;2;1;H;0.6290090816293321;-0.1597567003454454;0.7887657819747775;D
inglaterra;EFL Championship;19;07/12/2024;Leeds United;Derby County;2;0;H;0.9711428012733562;-0.1314670273333877;1.1026098286067438;D
inglaterra;EFL Championship;19;07/12/2024;Sheffield Weds;Preston;1;1;D;-0.267458112970859;-0.3707201115118146;0.10326199854095564;D
inglaterra;EFL Championship;19;07/12/2024;Hull City;Blackburn;0;1;A;-0.4893787109931044;0.4019503433067105;-0.8913290542998149;D
inglaterra;EFL Championship;19;07/12/2024;QPR;Norwich City;3;0;H;-0.5841124189558228;0.4120649706625791;-0.9961773896184019;D
inglaterra;EFL Championship;19;07/12/2024;Millwall;Coventry City;0;1;A;0.2015762432464224;-0.0545571101273689;0.2561333533737913;D
inglaterra;EFL Championship;19;07/12/2024;Portsmouth;Bristol City;3;0;H;-0.8735716541955914;0.2224335223659;-1.0960051765614913;D
inglaterra;EFL Championship;19;07/12/2024;Luton Town;Swansea City;1;1;D;-0.7108050237392988;0.1721353130529401;-0.8829403367922388;D
inglaterra;EFL Championship;19;08/12/2024;West Brom;Sheffield Utd;2;2;D;0.3132430903092697;0.8625848250701956;-0.549341734760926;D
inglaterra;EFL Championship;20;10/12/2024;Luton Town;Stoke City;2;1;H;-0.6517558221802505;-0.1776982736239417;-0.4740575485563088;D
inglaterra;EFL Championship;20;10/12/2024;Sheffield Weds;Blackburn;0;1;A;-0.2697246957939918;0.4053742401268347;-0.6750989359208265;D
inglaterra;EFL Championship;20;10/12/2024;Burnley;Derby County;0;0;D;0.802895427536942;-0.1925512781928244;0.9954467057297663;D
inglaterra;EFL Championship;20;10/12/2024;Plymouth Argyle;Swansea City;1;2;A;-1.074942012060137;0.1134639803685308;-1.1884059924286678;D
inglaterra;EFL Championship;20;10/12/2024;Portsmouth;Norwich City;0;0;D;-0.6551049941817381;0.2019106925603618;-0.8570156867420998;D
inglaterra;EFL Championship;20;10/12/2024;Sunderland;Bristol City;1;1;D;0.6639629665824667;-8.244705058640944e-06;0.6639712112875253;D
inglaterra;EFL Championship;20;10/12/2024;Leeds United;Middlesbrough;3;1;H;1.0195868797837502;0.558752353960764;0.46083452582298623;D
inglaterra;EFL Championship;20;11/12/2024;Cardiff City;Preston;0;2;A;-0.544140889330708;-0.3808572714280027;-0.16328361790270535;D
inglaterra;EFL Championship;20;11/12/2024;Millwall;Sheffield Utd;0;1;A;0.1500327488551042;0.8333077362499404;-0.6832749873948362;D
inglaterra;EFL Championship;20;11/12/2024;QPR;Oxford United;2;0;H;-0.3670332029825829;-0.3919344045838234;0.024901201601240486;D
inglaterra;EFL Championship;20;11/12/2024;Hull City;Watford;1;1;D;-0.4912673589103883;0.0994242986436819;-0.5906916575540702;D
inglaterra;EFL Championship;20;11/12/2024;West Brom;Coventry City;2;0;H;0.3549909526815332;-0.006683829376463;0.3616747820579962;D
inglaterra;EFL Championship;21;13/12/2024;Derby County;Portsmouth;4;0;H;-0.1540935855306224;-0.6106979095108152;0.45660432398019274;D
inglaterra;EFL Championship;21;14/12/2024;Bristol City;QPR;1;1;D;0.0204945080646918;-0.2770478750124333;0.29754238307712505;D
inglaterra;EFL Championship;21;14/12/2024;Coventry City;Hull City;2;1;H;-0.0889265680920599;-0.4623135380525868;0.3733869699605269;D
inglaterra;EFL Championship;21;14/12/2024;Preston;Leeds United;1;1;D;-0.3027422196280512;1.0969480252540926;-1.3996902448821438;D
inglaterra;EFL Championship;21;14/12/2024;Swansea City;Sunderland;2;3;A;0.1002530868244429;0.6340465897516865;-0.5337935029272436;D
inglaterra;EFL Championship;21;14/12/2024;Stoke City;Cardiff City;2;2;D;-0.2475355363063242;-0.6247846639071473;0.3772491276008231;D
inglaterra;EFL Championship;21;14/12/2024;Blackburn;Luton Town;2;0;H;0.4195945828500989;-0.5850474050182932;1.004641987868392;D
inglaterra;EFL Championship;21;14/12/2024;Middlesbrough;Millwall;1;0;H;0.4854253879049043;0.1395145754145217;0.3459108124903826;D
inglaterra;EFL Championship;21;14/12/2024;Sheffield Utd;Plymouth Argyle;2;0;H;0.8536442527579785;-1.0595306225033716;1.9131748752613502;H
inglaterra;EFL Championship;21;14/12/2024;Oxford United;Sheffield Weds;1;3;A;-0.4856307744015612;-0.2739170989141435;-0.2117136754874177;D
inglaterra;EFL Championship;21;15/12/2024;Watford;West Brom;2;1;H;0.0676762533497933;0.4317106106721982;-0.36403435732240486;D
inglaterra;EFL Championship;21;15/12/2024;Norwich City;Burnley;1;2;A;0.16517394554004;0.7577859784929606;-0.5926120329529205;D
inglaterra;EFL Championship;22;20/12/2024;Luton Town;Derby County;2;1;H;-0.6374999999999988;0.0125000000000001;-0.6499999999999989;D
inglaterra;EFL Championship;22;21/12/2024;Hull City;Swansea City;2;1;H;-0.4928030303030309;0.0799242424242427;-0.5727272727272736;D
inglaterra;EFL Championship;22;21/12/2024;Sheffield Weds;Stoke City;2;0;H;-0.1930053144727079;-0.2656709077904752;0.07266559331776729;D
inglaterra;EFL Championship;22;21/12/2024;Portsmouth;Coventry City;4;1;H;-0.7765420284442013;-0.0525968686294755;-0.7239451598147257;D
inglaterra;EFL Championship;22;21/12/2024;Burnley;Watford;2;1;H;0.7730691516017585;0.1365214944019278;0.6365476571998308;D
inglaterra;EFL Championship;22;21/12/2024;QPR;Preston;2;1;H;-0.2655303030303038;-0.238257575757575;-0.02727272727272878;D
inglaterra;EFL Championship;22;21/12/2024;Millwall;Blackburn;1;0;H;0.1085227272727272;0.4653409090909086;-0.35681818181818137;D
inglaterra;EFL Championship;22;21/12/2024;Leeds United;Oxford United;4;0;H;1.0377652858631108;-0.5651653811979901;1.6029306670611008;H
inglaterra;EFL Championship;22;21/12/2024;Cardiff City;Sheffield Utd;0;2;A;-0.6041268995073324;0.8559571703593444;-1.4600840698666768;D
inglaterra;EFL Championship;22;21/12/2024;Plymouth Argyle;Middlesbrough;3;3;D;-1.0663268617072943;0.5117878261900002;-1.5781146878972945;A
inglaterra;EFL Championship;22;21/12/2024;Sunderland;Norwich City;2;1;H;0.6539772727272722;0.147159090909091;0.5068181818181813;D
inglaterra;EFL Championship;22;22/12/2024;West Brom;Bristol City;2;0;H;0.362500000000001;0.0125000000000006;0.35000000000000037;D
inglaterra;EFL Championship;23;26/12/2024;Watford;Portsmouth;2;1;H;0.1136363636363619;-0.6136363636363659;0.7272727272727277;D
inglaterra;EFL Championship;23;26/12/2024;Norwich City;Millwall;2;1;H;0.1231060606060611;0.1685606060606075;-0.0454545454545464;D
inglaterra;EFL Championship;23;26/12/2024;Middlesbrough;Sheffield Weds;3;3;D;0.4393939393939398;-0.1060606060606047;0.5454545454545445;D
inglaterra;EFL Championship;23;26/12/2024;Preston;Hull City;1;0;H;-0.2859848484848486;-0.4223484848484866;0.13636363636363796;D
inglaterra;EFL Championship;23;26/12/2024;Oxford United;Cardiff City;3;2;H;-0.6685606060606074;-0.6231060606060608;-0.045454545454546635;D
inglaterra;EFL Championship;23;26/12/2024;Coventry City;Plymouth Argyle;4;0;H;-0.2178030303030287;-0.990530303030303;0.7727272727272743;D
inglaterra;EFL Championship;23;26/12/2024;Blackburn;Sunderland;2;2;D;0.4053030303030303;0.6780303030303028;-0.2727272727272725;D
inglaterra;EFL Championship;23;26/12/2024;Sheffield Utd;Burnley;0;2;A;0.8787878787878768;0.787878787878786;0.09090909090909083;D
inglaterra;EFL Championship;23;26/12/2024;Bristol City;Luton Town;1;0;H;-0.0624999999999996;-0.5624999999999989;0.4999999999999993;D
inglaterra;EFL Championship;23;26/12/2024;Swansea City;QPR;3;0;H;0.0094696969696988;-0.2178030303030281;0.2272727272727269;D
inglaterra;EFL Championship;23;26/12/2024;Derby County;West Brom;2;1;H;-0.0625000000000002;0.437500000000001;-0.5000000000000012;D
inglaterra;EFL Championship;23;26/12/2024;Stoke City;Leeds United;0;2;A;-0.3541666666666673;1.1458333333333337;-1.5000000000000009;A
inglaterra;EFL Championship;24;29/12/2024;Sheffield Utd;West Brom;1;1;D;0.7916666666666664;0.3749999999999998;0.41666666666666663;D
inglaterra;EFL Championship;24;29/12/2024;Norwich City;QPR;1;1;D;0.1666666666666665;-0.3333333333333331;0.49999999999999956;D
inglaterra;EFL Championship;24;29/12/2024;Preston;Sheffield Weds;3;1;H;-0.2499999999999996;-0.0833333333333335;-0.16666666666666613;D
inglaterra;EFL Championship;24;29/12/2024;Watford;Cardiff City;1;2;A;0.125;-0.6666666666666667;0.7916666666666667;D
inglaterra;EFL Championship;24;29/12/2024;Oxford United;Plymouth Argyle;2;0;H;-0.6249999999999994;-1.125;0.5000000000000006;D
inglaterra;EFL Championship;24;29/12/2024;Blackburn;Hull City;0;1;A;0.4166666666666668;-0.4583333333333329;0.8749999999999998;D
inglaterra;EFL Championship;24;29/12/2024;Stoke City;Sunderland;1;0;H;-0.375;0.6666666666666667;-1.0416666666666667;D
inglaterra;EFL Championship;24;29/12/2024;Swansea City;Luton Town;2;1;H;0.125;-0.5833333333333341;0.7083333333333341;D
inglaterra;EFL Championship;24;29/12/2024;Coventry City;Millwall;0;0;D;-0.083333333333333;0.1250000000000002;-0.2083333333333332;D
inglaterra;EFL Championship;24;29/12/2024;Bristol City;Portsmouth;3;0;H;-0.041666666666667;-0.6249999999999994;0.5833333333333325;D
inglaterra;EFL Championship;24;29/12/2024;Derby County;Leeds United;0;1;A;5.809695225492606e-16;1.1666666666666672;-1.1666666666666665;D
inglaterra;EFL Championship;24;29/12/2024;Middlesbrough;Burnley;0;0;D;0.4166666666666669;0.8749999999999996;-0.45833333333333265;D
inglaterra;EFL Championship;25;01/01/2025;Plymouth Argyle;Bristol City;2;2;D;-1.1826923076923077;0.0512820512820512;-1.2339743589743588;D
inglaterra;EFL Championship;25;01/01/2025;QPR;Watford;3;1;H;-0.3141025641025635;0.0560897435897426;-0.3701923076923061;D
inglaterra;EFL Championship;25;01/01/2025;Millwall;Oxford United;0;1;A;0.1169871794871795;-0.567307692307693;0.6842948717948725;D
inglaterra;EFL Championship;25;01/01/2025;Portsmouth;Swansea City;4;0;H;-0.7179487179487186;0.1362179487179497;-0.8541666666666683;D
inglaterra;EFL Championship;25;01/01/2025;Cardiff City;Coventry City;1;1;D;-0.5977564102564109;-0.0753205128205121;-0.5224358974358988;D
inglaterra;EFL Championship;25;01/01/2025;Luton Town;Norwich City;0;1;A;-0.5945512820512819;0.147435897435897;-0.741987179487179;D
inglaterra;EFL Championship;25;01/01/2025;West Brom;Preston;3;1;H;0.3910256410256408;-0.1666666666666663;0.557692307692307;D
inglaterra;EFL Championship;25;01/01/2025;Leeds United;Blackburn;1;1;D;1.1602564102564097;0.3445512820512831;0.8157051282051266;D
inglaterra;EFL Championship;25;01/01/2025;Sheffield Weds;Derby County;4;2;H;-0.1666666666666668;0.0064102564102564;-0.17307692307692318;D
inglaterra;EFL Championship;25;01/01/2025;Burnley;Stoke City;0;0;D;0.8573717948717942;-0.2964743589743585;1.1538461538461526;D
inglaterra;EFL Championship;25;01/01/2025;Hull City;Middlesbrough;0;1;A;-0.3862179487179488;0.4342948717948719;-0.8205128205128207;D
inglaterra;EFL Championship;25;01/01/2025;Sunderland;Sheffield Utd;2;1;H;0.5881410256410262;0.7756410256410253;-0.1874999999999991;D
inglaterra;EFL Championship;26;04/01/2025;Stoke City;Plymouth Argyle;0;0;D;-0.2519687296587988;-1.134251999422257;0.8822832697634583;D
inglaterra;EFL Championship;26;04/01/2025;Blackburn;Burnley;0;1;A;0.374427175905012;0.8148993114960172;-0.44047213559100523;D
inglaterra;EFL Championship;26;04/01/2025;Swansea City;West Brom;1;1;D;-0.0442542037558132;0.4429461993943178;-0.48720040315013097;D
inglaterra;EFL Championship;26;04/01/2025;Hull City;Leeds United;3;3;D;-0.3917777690592195;1.1268843425895172;-1.5186621116487367;A
inglaterra;EFL Championship;26;04/01/2025;Bristol City;Derby County;1;0;H;0.0125410278685409;-0.0754342685775318;0.0879752964460727;D
inglaterra;EFL Championship;26;04/01/2025;Watford;Sheffield Utd;1;2;A;-0.0310639555581352;0.7337253814142113;-0.7647893369723465;D
inglaterra;EFL Championship;26;04/01/2025;Norwich City;Coventry City;2;1;H;0.160125640713185;-0.0972316868967441;0.2573573276099291;D
inglaterra;EFL Championship;26;04/01/2025;Sheffield Weds;Millwall;2;2;D;-0.0881753256053656;0.0538336653944633;-0.1420089909998289;D
inglaterra;EFL Championship;26;04/01/2025;Preston;Oxford United;1;1;D;-0.2171241971619638;-0.503093012847223;0.28596881568525917;D
inglaterra;EFL Championship;26;04/01/2025;Middlesbrough;Cardiff City;1;1;D;0.439350828555261;-0.5818575247098021;1.021208353265063;D
inglaterra;EFL Championship;26;05/01/2025;Sunderland;Portsmouth;1;0;H;0.6339137173752083;-0.539681275995664;1.1735949933708723;D
inglaterra;EFL Championship;26;06/01/2025;QPR;Luton Town;2;1;H;-0.2258053198017288;-0.6109280216554853;0.3851227018537565;D
inglaterra;EFL Championship;19;14/01/2025;Cardiff City;Watford;1;1;D;-0.5865114396290786;0.1493870741485186;-0.7358985137775972;D
inglaterra;EFL Championship;19;14/01/2025;Plymouth Argyle;Oxford United;1;1;D;-1.115283875946982;-0.3377777344089798;-0.7775061415380022;D
inglaterra;EFL Championship;16;15/01/2025;Blackburn;Portsmouth;3;0;H;0.111309117357161;-0.8072772577394156;0.9185863750965766;D
inglaterra;EFL Championship;27;17/01/2025;Burnley;Sunderland;0;0;D;0.8324665206314157;0.6269128753682585;0.20555364526315723;D
inglaterra;EFL Championship;27;18/01/2025;Millwall;Hull City;0;1;A;0.0481731439430852;-0.3396235594833288;0.387796703426414;D
inglaterra;EFL Championship;27;18/01/2025;Cardiff City;Swansea City;3;0;H;-0.5464654782257923;-0.0273130773157031;-0.5191524009100892;D
inglaterra;EFL Championship;27;18/01/2025;Plymouth Argyle;QPR;0;1;A;-1.1010493245018915;-0.2030297434303175;-0.8980195810715741;D
inglaterra;EFL Championship;27;18/01/2025;Portsmouth;Middlesbrough;2;1;H;-0.5316233091081188;0.4054213882563796;-0.9370446973644984;D
inglaterra;EFL Championship;27;18/01/2025;Luton Town;Preston;0;0;D;-0.6312430418722296;-0.2278245655803593;-0.4034184762918703;D
inglaterra;EFL Championship;27;18/01/2025;Sheffield Utd;Norwich City;2;0;H;0.7412957562178695;0.1867806901958087;0.5545150660220608;D
inglaterra;EFL Championship;27;18/01/2025;Oxford United;Blackburn;1;0;H;-0.4918778054125617;0.3541994809586355;-0.8460772863711972;D
inglaterra;EFL Championship;27;18/01/2025;West Brom;Stoke City;1;1;D;0.4254132634563639;-0.2830248121667482;0.7084380756231121;D
inglaterra;EFL Championship;27;18/01/2025;Coventry City;Bristol City;1;0;H;-0.1226485794106251;0.0465708560282304;-0.16921943543885548;D
inglaterra;EFL Championship;27;18/01/2025;Derby County;Watford;0;2;A;-0.1099142536277853;-0.0373407209421571;-0.07257353268562819;D
inglaterra;EFL Championship;27;19/01/2025;Leeds United;Sheffield Weds;3;0;H;1.070543024735093;-0.0847987287135199;1.155341753448613;D
inglaterra;EFL Championship;28;21/01/2025;Swansea City;Sheffield Utd;1;2;A;-0.1470819346413494;0.7932594230761434;-0.9403413577174928;D
inglaterra;EFL Championship;28;21/01/2025;Derby County;Sunderland;0;1;A;-0.1778797285437212;0.6388101789885542;-0.8166899075322753;D
inglaterra;EFL Championship;28;21/01/2025;Oxford United;Luton Town;3;2;H;-0.4303827291175128;-0.6231992554463878;0.19281652632887497;D
inglaterra;EFL Championship;28;21/01/2025;Watford;Preston;1;2;A;0.0354976805503912;-0.2431690621170044;0.2786667426673956;D
inglaterra;EFL Championship;28;21/01/2025;Middlesbrough;West Brom;2;0;H;0.3441092359636786;0.3980104912423176;-0.05390125527863898;D
inglaterra;EFL Championship;28;21/01/2025;Blackburn;Coventry City;0;2;A;0.2938862366560871;-0.0813126467167468;0.3751988833728339;D
inglaterra;EFL Championship;28;21/01/2025;Hull City;QPR;1;2;A;-0.2939106651231176;-0.1982736510913007;-0.09563701403181687;D
inglaterra;EFL Championship;28;21/01/2025;Millwall;Cardiff City;2;2;D;0.0014725611817167;-0.4231709880301439;0.4246435492118606;D
inglaterra;EFL Championship;28;22/01/2025;Leeds United;Norwich City;2;0;H;1.1310333427512378;0.1389454953507753;0.9920878474004625;D
inglaterra;EFL Championship;28;22/01/2025;Portsmouth;Stoke City;3;1;H;-0.4699344177235846;-0.2587146715328733;-0.21121974619071127;D
inglaterra;EFL Championship;28;22/01/2025;Sheffield Weds;Bristol City;2;2;D;-0.1531622459545633;0.0059988234287416;-0.1591610693833049;D
inglaterra;EFL Championship;28;22/01/2025;Plymouth Argyle;Burnley;0;5;A;-1.1029061510111755;0.8220746778598378;-1.9249808288710133;A
inglaterra;EFL Championship;29;24/01/2025;Sheffield Utd;Hull City;0;3;A;0.7906559752733112;-0.3236805690093541;1.1143365442826654;D
inglaterra;EFL Championship;29;25/01/2025;Luton Town;Millwall;0;1;A;-0.6492435087420566;-0.0098763068724628;-0.6393672018695938;D
inglaterra;EFL Championship;29;25/01/2025;Stoke City;Oxford United;0;0;D;-0.3345323895697228;-0.4086108139768792;0.0740784244071564;D
inglaterra;EFL Championship;29;25/01/2025;Norwich City;Swansea City;5;1;H;0.1077404589660984;-0.1492768168199584;0.2570172757860568;D
inglaterra;EFL Championship;29;25/01/2025;Sunderland;Plymouth Argyle;2;2;D;0.6482953914414115;-1.2066805164081982;1.8549759078496098;H
inglaterra;EFL Championship;29;25/01/2025;QPR;Sheffield Weds;0;2;A;-0.1751018321111931;-0.1459796643732485;-0.0291221677379446;D
inglaterra;EFL Championship;29;25/01/2025;Cardiff City;Derby County;2;1;H;-0.4051724625084733;-0.1841498159778985;-0.22102264653057477;D
inglaterra;EFL Championship;29;25/01/2025;Preston;Middlesbrough;2;1;H;-0.2028127495777142;0.418210096411276;-0.6210228459889902;D
inglaterra;EFL Championship;29;25/01/2025;Bristol City;Blackburn;2;1;H;0.0022965405736569;0.2188994762709291;-0.21660293569727218;D
inglaterra;EFL Championship;29;25/01/2025;Coventry City;Watford;2;1;H;-0.0029693894334558;-0.0060889960311023;0.0031196065976464996;D
inglaterra;EFL Championship;29;25/01/2025;West Brom;Portsmouth;5;1;H;0.3283532453695579;-0.3936209371711511;0.721974182540709;D
inglaterra;EFL Championship;29;27/01/2025;Burnley;Leeds United;0;0;D;0.9222135192464044;1.1611320650302246;-0.2389185457838202;D
inglaterra;EFL Championship;17;28/01/2025;Portsmouth;Millwall;0;1;A;-0.9286593005508444;0.2710532396048256;-1.19971254015567;D
inglaterra;EFL Championship;30;31/01/2025;Blackburn;Preston;2;1;H;0.185579471412123;-0.1463138894755607;0.33189336088768373;D
inglaterra;EFL Championship;30;01/02/2025;Oxford United;Bristol City;1;1;D;-0.403182727598857;0.0421134903117922;-0.44529621791064916;D
inglaterra;EFL Championship;30;01/02/2025;Plymouth Argyle;West Brom;2;1;H;-1.147420690444772;0.425453380522054;-1.5728740709668259;A
inglaterra;EFL Championship;30;01/02/2025;Watford;Norwich City;0;1;A;-0.0426247868808466;0.2229405956744936;-0.2655653825553402;D
inglaterra;EFL Championship;30;01/02/2025;Hull City;Stoke City;1;2;A;-0.1948017009486817;-0.3375195630701556;0.14271786212147392;D
inglaterra;EFL Championship;30;01/02/2025;Derby County;Sheffield Utd;0;1;A;-0.2236869386103512;0.6571842344445;-0.8808711730548512;D
inglaterra;EFL Championship;30;01/02/2025;Portsmouth;Burnley;0;0;D;-0.506475175468202;0.9270667019258924;-1.4335418773940942;D
inglaterra;EFL Championship;30;01/02/2025;Millwall;QPR;2;1;H;0.0108652786336051;-0.2300702338710406;0.2409355125046457;D
inglaterra;EFL Championship;30;01/02/2025;Leeds United;Cardiff City;7;0;H;1.1612523376981008;-0.3707928198883722;1.5320451575864729;H
inglaterra;EFL Championship;30;01/02/2025;Sheffield Weds;Luton Town;1;1;D;-0.0795279985104493;-0.6606724350209532;0.5811444365105038;D
inglaterra;EFL Championship;30;01/02/2025;Swansea City;Coventry City;0;2;A;-0.2744120739912157;0.0349360409754269;-0.3093481149666426;D
inglaterra;EFL Championship;30;03/02/2025;Middlesbrough;Sunderland;2;3;A;0.3711378832222379;0.5789716189592303;-0.20783373573699243;D
inglaterra;EFL Championship;31;04/02/2025;Burnley;Oxford United;1;0;H;0.8921036121436614;-0.3840282743708698;1.2761318865145312;D
inglaterra;EFL Championship;31;04/02/2025;QPR;Blackburn;2;1;H;-0.2522276937269783;0.2116171246951565;-0.46384481842213476;D
inglaterra;EFL Championship;31;05/02/2025;Coventry City;Leeds United;0;2;A;0.0831993219796604;1.3310818880331372;-1.2478825660534767;D
inglaterra;EFL Championship;31;08/02/2025;Sunderland;Watford;2;2;D;0.6072657211500552;-0.0711299803362794;0.6783957014863345;D
inglaterra;EFL Championship;31;08/02/2025;West Brom;Sheffield Weds;2;1;H;0.3437961140095527;-0.0935376543098371;0.43733376831938975;D
inglaterra;EFL Championship;31;08/02/2025;Sheffield Utd;Portsmouth;2;1;H;0.6562585868988872;-0.4651223491964018;1.1213809360952889;D
inglaterra;EFL Championship;31;08/02/2025;Norwich City;Derby County;1;1;D;0.2506676681116279;-0.2283720859659917;0.47903975407761956;D
inglaterra;EFL Championship;31;09/02/2025;Bristol City;Swansea City;0;1;A;0.0341077294566836;-0.3328520632944688;0.3669597927511524;D
inglaterra;EFL Championship;32;11/02/2025;Derby County;Oxford United;0;0;D;-0.2136136003203456;-0.3798061743656487;0.16619257404530308;D
inglaterra;EFL Championship;32;11/02/2025;Watford;Leeds United;0;4;A;-0.0483636399719206;1.3518153740776102;-1.4001790140495307;D
inglaterra;EFL Championship;32;11/02/2025;Portsmouth;Cardiff City;2;1;H;-0.4618120075824459;-0.5001047019637911;0.038292694381345194;D
inglaterra;EFL Championship;32;11/02/2025;Coventry City;QPR;1;0;H;0.0603553643593827;-0.2095268957555122;0.2698822601148949;D
inglaterra;EFL Championship;32;11/02/2025;Norwich City;Preston;0;1;A;0.2390180385195987;-0.1644624516344595;0.4034804901540582;D
inglaterra;EFL Championship;32;12/02/2025;Swansea City;Sheffield Weds;0;1;A;-0.2909347075649988;-0.1097589197628639;-0.1811757878021349;D
inglaterra;EFL Championship;32;12/02/2025;Sunderland;Luton Town;2;0;H;0.587281724458661;-0.6545707054320911;1.241852429890752;D
inglaterra;EFL Championship;32;12/02/2025;Plymouth Argyle;Millwall;5;1;H;-1.0550769831317632;0.0242855198687595;-1.0793625030005227;D
inglaterra;EFL Championship;32;12/02/2025;Burnley;Hull City;2;0;H;0.8825897639176791;-0.2649888796446379;1.147578643562317;D
inglaterra;EFL Championship;32;12/02/2025;Bristol City;Stoke City;2;0;H;-0.0089391288434446;-0.3422184998239216;0.333279370980477;D
inglaterra;EFL Championship;32;12/02/2025;Sheffield Utd;Middlesbrough;3;1;H;0.6534160432350538;0.3780941063548386;0.27532193688021517;D
inglaterra;EFL Championship;32;12/02/2025;West Brom;Blackburn;0;2;A;0.3627264556277949;0.164594905378468;0.19813155024932688;D
inglaterra;EFL Championship;33;14/02/2025;QPR;Derby County;4;0;H;-0.2335302740202853;-0.2161903026575161;-0.017339971362769213;D
inglaterra;EFL Championship;33;15/02/2025;Oxford United;Portsmouth;0;2;A;-0.3711278500037087;-0.4344364588043194;0.06330860880061073;D
inglaterra;EFL Championship;33;15/02/2025;Preston;Burnley;0;0;D;-0.1311272328720432;0.91539811145111;-1.0465253443231533;D
inglaterra;EFL Championship;33;15/02/2025;Cardiff City;Bristol City;1;1;D;-0.5356605612474292;0.0482562793841103;-0.5839168406315395;D
inglaterra;EFL Championship;33;15/02/2025;Millwall;West Brom;1;1;D;-0.1260455264289914;0.3028752453771772;-0.4289207718061686;D
inglaterra;EFL Championship;33;15/02/2025;Stoke City;Swansea City;3;1;H;-0.3879216614837047;-0.3154938697843363;-0.07242779169936842;D
inglaterra;EFL Championship;33;15/02/2025;Hull City;Norwich City;1;1;D;-0.2933184156441019;0.1972007742933005;-0.4905191899374024;D
inglaterra;EFL Championship;33;15/02/2025;Luton Town;Sheffield Utd;0;1;A;-0.6776758978029487;0.698602733795445;-1.3762786315983937;D
inglaterra;EFL Championship;33;15/02/2025;Blackburn;Plymouth Argyle;2;0;H;0.2346895029754158;-0.9066023226877414;1.1412918256631572;D
inglaterra;EFL Championship;33;15/02/2025;Middlesbrough;Watford;0;1;A;0.3256456571334538;-0.1242873394957693;0.4499329966292231;D
inglaterra;EFL Championship;33;15/02/2025;Sheffield Weds;Coventry City;1;2;A;-0.0884732508253103;0.0780134329468394;-0.1664866837721497;D
inglaterra;EFL Championship;33;17/02/2025;Leeds United;Sunderland;2;1;H;1.4293143015695926;0.6118949248317607;0.8174193767378319;D
inglaterra;EFL Championship;31;18/02/2025;Preston;Millwall;1;1;D;-0.170974231883459;0.0303494585751967;-0.2013236904586557;D
inglaterra;EFL Championship;31;19/02/2025;Luton Town;Plymouth Argyle;1;1;D;-0.6436323480935087;-1.0664164696745284;0.42278412158101975;D
inglaterra;EFL Championship;34;21/02/2025;Bristol City;Middlesbrough;2;1;H;0.028074305756094;0.2875267114971144;-0.2594524057410204;D
inglaterra;EFL Championship;34;21/02/2025;Burnley;Sheffield Weds;4;0;H;0.8864055258466089;-0.1131549969995619;0.9995605228461708;D
inglaterra;EFL Championship;34;22/02/2025;Plymouth Argyle;Cardiff City;1;1;D;-0.9290210353175556;-0.520553410434135;-0.4084676248834206;D
inglaterra;EFL Championship;34;22/02/2025;Sunderland;Hull City;0;1;A;0.6049575140644078;-0.2747881632373708;0.8797456773017787;D
inglaterra;EFL Championship;34;22/02/2025;Derby County;Millwall;0;1;A;-0.3332040076959465;-0.1105773687348349;-0.2226266389611116;D
inglaterra;EFL Championship;34;22/02/2025;West Brom;Oxford United;2;0;H;0.2909596639665486;-0.43171177741732;0.7226714413838686;D
inglaterra;EFL Championship;34;22/02/2025;Portsmouth;QPR;2;1;H;-0.3787191711931154;-0.116428422892729;-0.26229074830038634;D
inglaterra;EFL Championship;34;22/02/2025;Coventry City;Preston;2;1;H;0.1056042935818576;-0.1027640394644361;0.2083683330462937;D
inglaterra;EFL Championship;34;22/02/2025;Norwich City;Stoke City;4;2;H;0.1844696009023367;-0.3320708215363408;0.5165404224386775;D
inglaterra;EFL Championship;34;22/02/2025;Swansea City;Blackburn;3;0;H;-0.3740915062009965;0.2614488289203147;-0.6355403351213111;D
inglaterra;EFL Championship;34;23/02/2025;Watford;Luton Town;2;0;H;-0.0815708810023657;-0.6677726487696645;0.5862017677672988;D
inglaterra;EFL Championship;34;24/02/2025;Sheffield Utd;Leeds United;1;3;A;0.684051973892086;1.4329298324690047;-0.7488778585769187;D
inglaterra;EFL Championship;31;25/02/2025;Cardiff City;Hull City;1;0;H;-0.5435809558383914;-0.2253591798089854;-0.318221776029406;D
inglaterra;EFL Championship;31;25/02/2025;Stoke City;Middlesbrough;1;3;A;-0.2999277685725003;0.3367138300185818;-0.636641598591082;D
inglaterra;EFL Championship;35;28/02/2025;Sheffield Weds;Sunderland;1;2;A;-0.1934037358117426;0.5535423526824337;-0.7469460884941763;D
inglaterra;EFL Championship;35;01/03/2025;Oxford United;Coventry City;2;3;A;-0.4686804189477501;0.1289028404506864;-0.5975832593984365;D
inglaterra;EFL Championship;35;01/03/2025;Blackburn;Norwich City;1;1;D;0.1650299495699544;0.2283410498782082;-0.06331110030825379;D
inglaterra;EFL Championship;35;01/03/2025;Leeds United;West Brom;1;1;D;1.4671525644664276;0.3225165331223379;1.1446360313440898;D
inglaterra;EFL Championship;35;01/03/2025;Middlesbrough;Derby County;1;0;H;0.2550117604869671;-0.3575542904961021;0.6125660509830693;D
inglaterra;EFL Championship;35;01/03/2025;Luton Town;Portsmouth;1;0;H;-0.7096980063047948;-0.3421852331489801;-0.36751277315581476;D
inglaterra;EFL Championship;35;01/03/2025;Stoke City;Watford;0;0;D;-0.3670023113150763;-0.0452894974995016;-0.3217128138155747;D
inglaterra;EFL Championship;35;01/03/2025;QPR;Sheffield Utd;1;2;A;-0.1532486194179323;0.6535410839906961;-0.8067897034086284;D
inglaterra;EFL Championship;35;04/03/2025;Millwall;Bristol City;0;2;A;-0.0922259333858266;0.0600264102760395;-0.1522523436618661;D
inglaterra;EFL Championship;35;04/03/2025;Hull City;Plymouth Argyle;2;0;H;-0.2242396694301064;-0.921379153449433;0.6971394840193266;D
inglaterra;EFL Championship;35;04/03/2025;Preston;Swansea City;0;0;D;-0.1269677246244664;-0.2736596240824945;0.1466918994580281;D
inglaterra;EFL Championship;35;04/03/2025;Cardiff City;Burnley;1;2;A;-0.5241554235946383;0.9656250965850932;-1.4897805201797314;D
inglaterra;EFL Championship;36;07/03/2025;Norwich City;Oxford United;1;1;D;0.2277759292058061;-0.4802368741664541;0.7080128033722602;D
inglaterra;EFL Championship;36;08/03/2025;Watford;Millwall;1;2;A;-0.0531895081344322;-0.1409852251969111;0.08779571706247889;D
inglaterra;EFL Championship;36;08/03/2025;Coventry City;Stoke City;3;2;H;0.1387896709870523;-0.3571337096536093;0.4959233806406616;D
inglaterra;EFL Championship;36;08/03/2025;West Brom;QPR;1;0;H;0.3506828800813156;-0.1601884316750273;0.5108713117563429;D
inglaterra;EFL Championship;36;08/03/2025;Plymouth Argyle;Sheffield Weds;0;3;A;-0.9549926085031766;-0.1999411126166946;-0.755051495886482;D
inglaterra;EFL Championship;36;08/03/2025;Burnley;Luton Town;4;0;H;0.9508044049860604;-0.6754637146670966;1.6262681196531572;H
inglaterra;EFL Championship;36;08/03/2025;Swansea City;Middlesbrough;1;0;H;-0.2666433858913223;0.2677687188709747;-0.534412104762297;D
inglaterra;EFL Championship;36;08/03/2025;Bristol City;Hull City;1;1;D;0.1087797472315463;-0.1904394377873144;0.2992191850188607;D
inglaterra;EFL Championship;36;08/03/2025;Sunderland;Cardiff City;2;1;H;0.5594027631759061;-0.5124658978785291;1.0718686610544352;D
inglaterra;EFL Championship;36;08/03/2025;Derby County;Blackburn;2;1;H;-0.3690720884526219;0.1675095894357942;-0.536581677888416;D
inglaterra;EFL Championship;36;08/03/2025;Sheffield Utd;Preston;1;0;H;0.6597511420274792;-0.1309202396418307;0.7906713816693098;D
inglaterra;EFL Championship;36;09/03/2025;Portsmouth;Leeds United;1;0;H;-0.3765261765988547;1.43693356486194;-1.8134597414607945;A
inglaterra;EFL Championship;37;11/03/2025;Norwich City;Sheffield Weds;2;3;A;0.2055226272934354;-0.1398148956908734;0.3453375229843088;D
inglaterra;EFL Championship;37;11/03/2025;Sunderland;Preston;1;1;D;0.5567216077121072;-0.1353181281848282;0.6920397358969355;D
inglaterra;EFL Championship;37;11/03/2025;Derby County;Coventry City;2;0;H;-0.3304752668634553;0.1511137291208136;-0.4815889959842689;D
inglaterra;EFL Championship;37;11/03/2025;Burnley;West Brom;1;1;D;1.0115607354875706;0.3636545697628908;0.6479061657246799;D
inglaterra;EFL Championship;37;11/03/2025;Middlesbrough;QPR;2;1;H;0.2312210917868447;-0.1728937695630489;0.4041148613498936;D
inglaterra;EFL Championship;37;11/03/2025;Cardiff City;Luton Town;1;2;A;-0.509109446491859;-0.7354426085774117;0.22633316208555276;D
inglaterra;EFL Championship;37;11/03/2025;Sheffield Utd;Bristol City;1;1;D;0.6634551251256754;0.1043018033234688;0.5591533218022066;D
inglaterra;EFL Championship;37;12/03/2025;Leeds United;Millwall;2;0;H;1.3655105069865423;-0.1122059816752541;1.4777164886617964;D
inglaterra;EFL Championship;37;12/03/2025;Watford;Swansea City;1;0;H;-0.086239192334746;-0.2255415927174799;0.1393024003827339;D
inglaterra;EFL Championship;37;12/03/2025;Portsmouth;Plymouth Argyle;1;2;A;-0.3020525759911155;-1.0141367453742545;0.712084169383139;D
inglaterra;EFL Championship;37;12/03/2025;Hull City;Oxford United;2;1;H;-0.1868276396597999;-0.460433731451403;0.2736060917916031;D
inglaterra;EFL Championship;37;12/03/2025;Stoke City;Blackburn;1;0;H;-0.3689496030551807;0.1263793810313621;-0.4953289840865428;D
inglaterra;EFL Championship;38;14/03/2025;Bristol City;Norwich City;2;1;H;0.11819589797246;0.1716042180748535;-0.05340832010239349;D
inglaterra;EFL Championship;38;15/03/2025;QPR;Leeds United;2;2;D;-0.1875268567153487;1.3763658486487544;-1.5638927053641032;A
inglaterra;EFL Championship;38;15/03/2025;Millwall;Stoke City;1;0;H;-0.1223089358127246;-0.332780858607957;0.21047192279523236;D
inglaterra;EFL Championship;38;15/03/2025;West Brom;Hull City;1;1;D;0.3802317194190576;-0.1694451684306321;0.5496768878496897;D
inglaterra;EFL Championship;38;15/03/2025;Luton Town;Middlesbrough;0;0;D;-0.7057980072570804;0.2476457696339098;-0.9534437768909902;D
inglaterra;EFL Championship;38;15/03/2025;Preston;Portsmouth;2;1;H;-0.1199926331144216;-0.3460849412362755;0.22609230812185388;D
inglaterra;EFL Championship;38;15/03/2025;Oxford United;Watford;1;0;H;-0.4787876015742191;-0.0644850029860324;-0.41430259858818674;D
inglaterra;EFL Championship;38;15/03/2025;Coventry City;Sunderland;3;0;H;0.0864823172291981;0.5434126276682422;-0.4569303104390441;D
inglaterra;EFL Championship;38;15/03/2025;Blackburn;Cardiff City;1;2;A;0.0882332794297534;-0.5401974173458238;0.6284306967755773;D
inglaterra;EFL Championship;38;15/03/2025;Plymouth Argyle;Derby County;2;3;A;-0.970007290554242;-0.2688065222684621;-0.7012007682857799;D
inglaterra;EFL Championship;38;15/03/2025;Swansea City;Burnley;0;2;A;-0.2492165170845495;0.9965480653361116;-1.2457645824206611;D
inglaterra;EFL Championship;38;16/03/2025;Sheffield Weds;Sheffield Utd;0;1;A;-0.1039688439067927;0.6506868534822212;-0.754655697389014;D
inglaterra;EFL Championship;39;28/03/2025;Sheffield Utd;Coventry City;3;1;H;0.6533594699997451;0.1732109211854492;0.4801485488142959;D
inglaterra;EFL Championship;39;29/03/2025;Hull City;Luton Town;0;1;A;-0.1571372315473955;-0.6824806155744017;0.5253433840270061;D
inglaterra;EFL Championship;39;29/03/2025;Watford;Plymouth Argyle;0;0;D;-0.0991497301595323;-0.9765991178901392;0.8774493877306069;D
inglaterra;EFL Championship;39;29/03/2025;Burnley;Bristol City;1;0;H;1.0121634765705076;0.1465570220426085;0.8656064545278992;D
inglaterra;EFL Championship;39;29/03/2025;Norwich City;West Brom;1;0;H;0.1471002598197152;0.3655017571124053;-0.2184014972926901;D
inglaterra;EFL Championship;39;29/03/2025;Cardiff City;Sheffield Weds;1;1;D;-0.5002629807981575;-0.1088755558065835;-0.391387424991574;D
inglaterra;EFL Championship;39;29/03/2025;Leeds United;Swansea City;2;2;D;1.3363797731996847;-0.2677521409228932;1.6041319141225778;H
inglaterra;EFL Championship;39;29/03/2025;Portsmouth;Blackburn;1;0;H;-0.3661701430832071;0.0505489989830997;-0.4167191420663068;D
inglaterra;EFL Championship;39;29/03/2025;Sunderland;Millwall;1;0;H;0.456138918219989;-0.0977078599145368;0.5538467781345258;D
inglaterra;EFL Championship;39;29/03/2025;Middlesbrough;Oxford United;2;1;H;0.2229255569945354;-0.4410796993581107;0.6640052563526461;D
inglaterra;EFL Championship;39;29/03/2025;Stoke City;QPR;3;1;H;-0.3546525387678848;-0.1487250665618741;-0.20592747220601068;D
inglaterra;EFL Championship;39;02/04/2025;Derby County;Preston;2;0;H;-0.2611840792318995;-0.1021093945111231;-0.1590746847207764;D
inglaterra;EFL Championship;40;04/04/2025;Blackburn;Middlesbrough;0;2;A;0.0146670646510538;0.2332748967305411;-0.2186078320794873;D
inglaterra;EFL Championship;40;05/04/2025;Luton Town;Leeds United;1;1;D;-0.6442476701777363;1.295691901230198;-1.9399395714079342;A
inglaterra;EFL Championship;40;05/04/2025;West Brom;Sunderland;0;1;A;0.334476614693622;0.4685098805244502;-0.1340332658308282;D
inglaterra;EFL Championship;40;05/04/2025;Coventry City;Burnley;1;2;A;0.1351397955182886;1.0157123496500855;-0.8805725541317969;D
inglaterra;EFL Championship;40;05/04/2025;QPR;Cardiff City;0;0;D;-0.2026908233786012;-0.4900461966452955;0.28735537326669425;D
inglaterra;EFL Championship;40;05/04/2025;Preston;Stoke City;1;1;D;-0.1536298493868031;-0.3016601716154185;0.14803032222861542;D
inglaterra;EFL Championship;40;05/04/2025;Bristol City;Watford;2;1;H;0.1468445422186003;-0.1187362844677198;0.2655808266863201;D
inglaterra;EFL Championship;40;05/04/2025;Swansea City;Derby County;1;0;H;-0.2279244199756047;-0.2110052694090994;-0.01691915056650531;D
inglaterra;EFL Championship;40;05/04/2025;Plymouth Argyle;Norwich City;2;1;H;-0.9548071503444824;0.1748644681513206;-1.1296716184958029;D
inglaterra;EFL Championship;40;05/04/2025;Millwall;Portsmouth;2;1;H;-0.1114545939235966;-0.3306323801958089;0.21917778627221227;D
inglaterra;EFL Championship;40;05/04/2025;Sheffield Weds;Hull City;0;1;A;-0.1183722512349706;-0.1945082766060561;0.0761360253710855;D
inglaterra;EFL Championship;40;05/04/2025;Oxford United;Sheffield Utd;1;0;H;-0.4491425478628296;0.6896763718558634;-1.1388189197186929;D
inglaterra;EFL Championship;41;08/04/2025;Watford;Hull City;1;0;H;-0.1344784828075691;-0.1677523393907354;0.033273856583166284;D
inglaterra;EFL Championship;41;08/04/2025;Norwich City;Sunderland;0;0;D;0.1221649377176021;0.4894733993397089;-0.3673084616221068;D
inglaterra;EFL Championship;41;08/04/2025;Preston;Cardiff City;2;2;D;-0.1582355573605637;-0.4814646490230376;0.32322909166247393;D
inglaterra;EFL Championship;41;08/04/2025;Blackburn;Sheffield Weds;2;2;D;-0.0276310409525331;-0.1446438848838185;0.11701284393128539;D
inglaterra;EFL Championship;41;08/04/2025;Derby County;Burnley;0;0;D;-0.2363855579967209;1.0217712658346574;-1.2581568238313783;D
inglaterra;EFL Championship;41;08/04/2025;Stoke City;Luton Town;1;1;D;-0.2958149465414548;-0.5963628213505798;0.30054787480912504;D
inglaterra;EFL Championship;41;08/04/2025;Bristol City;West Brom;2;1;H;0.164728333465285;0.3132102797308003;-0.14848194626551528;D
inglaterra;EFL Championship;41;08/04/2025;Sheffield Utd;Millwall;0;1;A;0.6375504022190283;-0.0910348925103849;0.7285852947294131;D
inglaterra;EFL Championship;41;08/04/2025;Middlesbrough;Leeds United;0;1;A;0.2771854946401874;1.2455342657762098;-0.9683487711360225;D
inglaterra;EFL Championship;41;09/04/2025;Swansea City;Plymouth Argyle;3;0;H;-0.2075755740227779;-0.9029426300064536;0.6953670559836757;D
inglaterra;EFL Championship;41;09/04/2025;Oxford United;QPR;1;3;A;-0.3973598567978258;-0.2122095716775827;-0.18515028512024312;D
inglaterra;EFL Championship;41;09/04/2025;Coventry City;Portsmouth;1;0;H;0.1291314290189806;-0.3468580024204213;0.47598943143940187;D
inglaterra;EFL Championship;42;11/04/2025;Burnley;Norwich City;2;1;H;0.9907575179712348;0.1306047477105194;0.8601527702607155;D
inglaterra;EFL Championship;42;12/04/2025;Leeds United;Preston;2;1;H;1.248249637988953;-0.1655882451222675;1.4138378831112204;D
inglaterra;EFL Championship;42;12/04/2025;Plymouth Argyle;Sheffield Utd;2;1;H;-0.9558552584285032;0.599310838802073;-1.5551660972305763;A
inglaterra;EFL Championship;42;12/04/2025;Sheffield Weds;Oxford United;0;1;A;-0.1409725542118623;-0.440954208590325;0.2999816543784627;D
inglaterra;EFL Championship;42;12/04/2025;Portsmouth;Derby County;2;2;D;-0.3600396103302193;-0.205560685922036;-0.1544789244081833;D
inglaterra;EFL Championship;42;12/04/2025;QPR;Bristol City;1;1;D;-0.1707210894484161;0.1906777268886838;-0.3613988163370999;D
inglaterra;EFL Championship;42;12/04/2025;West Brom;Watford;2;1;H;0.284509390659062;-0.1103117866340991;0.39482117729316113;D
inglaterra;EFL Championship;42;12/04/2025;Luton Town;Blackburn;0;1;A;-0.5902893606656602;-0.0308479188219323;-0.5594414418437279;D
inglaterra;EFL Championship;42;12/04/2025;Cardiff City;Stoke City;0;1;A;-0.4714059609374124;-0.3030144482725511;-0.1683915126648613;D
inglaterra;EFL Championship;42;12/04/2025;Sunderland;Swansea City;0;1;A;0.4792068010339937;-0.1540469544897414;0.6332537555237351;D
inglaterra;EFL Championship;42;12/04/2025;Millwall;Middlesbrough;1;0;H;-0.0514559831931933;0.2761398849372907;-0.32759586813048397;D
inglaterra;EFL Championship;42;14/04/2025;Hull City;Coventry City;1;1;D;-0.1920564767431462;0.1436639958195565;-0.33572047256270265;D
inglaterra;EFL Championship;43;18/04/2025;Derby County;Luton Town;0;1;A;-0.2098144249900337;-0.6001887255214384;0.39037430053140476;D
inglaterra;EFL Championship;43;18/04/2025;Bristol City;Sunderland;2;1;H;0.1836429204752236;0.4411074237146205;-0.25746450323939685;D
inglaterra;EFL Championship;43;18/04/2025;Preston;QPR;1;2;A;-0.1576977851215295;-0.1627166048566868;0.005018819735157304;D
inglaterra;EFL Championship;43;18/04/2025;Swansea City;Hull City;1;0;H;-0.1186096450133746;-0.185414375552806;0.06680473053943138;D
inglaterra;EFL Championship;43;18/04/2025;Coventry City;West Brom;2;0;H;0.1352786220492357;0.2991968054088991;-0.16391818335966338;D
inglaterra;EFL Championship;43;18/04/2025;Blackburn;Millwall;4;1;H;-0.0189926532620463;-0.022384333202243;0.0033916799401967;D
inglaterra;EFL Championship;43;18/04/2025;Middlesbrough;Plymouth Argyle;2;1;H;0.2455419446645455;-0.8968093947184266;1.142351339382972;D
inglaterra;EFL Championship;43;18/04/2025;Norwich City;Portsmouth;3;5;A;0.1277823390595157;-0.3556456205515958;0.4834279596111115;D
inglaterra;EFL Championship;43;18/04/2025;Watford;Burnley;1;2;A;-0.1238635276061491;0.994730620114574;-1.118594147720723;D
inglaterra;EFL Championship;43;18/04/2025;Stoke City;Sheffield Weds;2;0;H;-0.2817590047732297;-0.1700971316303079;-0.11166187314292178;D
inglaterra;EFL Championship;43;18/04/2025;Sheffield Utd;Cardiff City;2;0;H;0.5408171806238649;-0.4899349095293758;1.0307520901532405;D
inglaterra;EFL Championship;43;18/04/2025;Oxford United;Leeds United;0;1;A;-0.4106603057997832;1.236490586018549;-1.6471508918183324;A
inglaterra;EFL Championship;44;21/04/2025;Sheffield Weds;Middlesbrough;2;1;H;-0.218260657128182;0.2435789388240473;-0.4618395959522293;D
inglaterra;EFL Championship;44;21/04/2025;West Brom;Derby County;1;3;A;0.2515493969681884;-0.2402465181698026;0.49179591513799104;D
inglaterra;EFL Championship;44;21/04/2025;QPR;Swansea City;1;2;A;-0.1401384983148088;-0.0972443491098205;-0.0428941492049883;D
inglaterra;EFL Championship;44;21/04/2025;Leeds United;Stoke City;6;0;H;1.2203619457846795;-0.2342217066909575;1.454583652475637;D
inglaterra;EFL Championship;44;21/04/2025;Cardiff City;Oxford United;1;1;D;-0.5095653808108496;-0.39564519468104;-0.11392018612980959;D
inglaterra;EFL Championship;44;21/04/2025;Portsmouth;Watford;1;0;H;-0.2989467182313594;-0.1229026498244937;-0.17604406840686568;D
inglaterra;EFL Championship;44;21/04/2025;Plymouth Argyle;Coventry City;3;1;H;-0.8938393872590555;0.182670475844953;-1.0765098631040084;D
inglaterra;EFL Championship;44;21/04/2025;Millwall;Norwich City;3;1;H;-0.0882205970622263;0.0745379342010896;-0.1627585312633159;D
inglaterra;EFL Championship;44;21/04/2025;Luton Town;Bristol City;3;1;H;-0.5699109645878356;0.2117735336394497;-0.7816844982272854;D
inglaterra;EFL Championship;44;21/04/2025;Hull City;Preston;2;1;H;-0.2062343726361501;-0.1802599949720944;-0.025974377664055692;D
inglaterra;EFL Championship;44;21/04/2025;Sunderland;Blackburn;0;1;A;0.4108434905674251;0.0478266174617525;0.3630168731056726;D
inglaterra;EFL Championship;44;21/04/2025;Burnley;Sheffield Utd;2;1;H;0.9926332827088632;0.5598613734782286;0.4327719092306346;D
inglaterra;EFL Championship;45;25/04/2025;Stoke City;Sheffield Utd;0;2;A;-0.3340148527509031;0.5490377590484647;-0.8830526117993678;D
inglaterra;EFL Championship;45;26/04/2025;QPR;Burnley;0;5;A;-0.1605675549824488;1.0044012823268138;-1.1649688373092626;D
inglaterra;EFL Championship;45;26/04/2025;Luton Town;Coventry City;1;0;H;-0.5067599756429539;0.1150539078730571;-0.6218138835160111;D
inglaterra;EFL Championship;45;26/04/2025;Sheffield Weds;Portsmouth;1;1;D;-0.1864273409249856;-0.2745194784160551;0.0880921374910695;D
inglaterra;EFL Championship;45;26/04/2025;Preston;Plymouth Argyle;1;2;A;-0.2026309288537554;-0.828619071146245;0.6259881422924896;D
inglaterra;EFL Championship;45;26/04/2025;Millwall;Swansea City;1;0;H;-0.0418914320510064;-0.0773954079805157;0.035503975929509296;D
inglaterra;EFL Championship;45;26/04/2025;Oxford United;Sunderland;2;0;H;-0.3979198008453331;0.381706246865822;-0.7796260477111552;D
inglaterra;EFL Championship;45;26/04/2025;Middlesbrough;Norwich City;0;0;D;0.214280213482341;0.0280562719392513;0.1862239415430897;D
inglaterra;EFL Championship;45;26/04/2025;Cardiff City;West Brom;0;0;D;-0.5048687226878725;0.195904971702845;-0.7007736943907175;D
inglaterra;EFL Championship;45;26/04/2025;Blackburn;Watford;2;1;H;0.0782779365214405;-0.1498228390347041;0.22810077555614458;D
inglaterra;EFL Championship;45;26/04/2025;Hull City;Derby County;0;1;A;-0.1856766519364592;-0.1843545325067962;-0.00132211942966301;D
inglaterra;EFL Championship;45;28/04/2025;Leeds United;Bristol City;4;0;H;1.3191082015810265;0.1496417984189735;1.169466403162053;D
inglaterra;EFL Championship;46;03/05/2025;Sunderland;QPR;0;1;A;0.3242753623188409;-0.240942028985508;0.5652173913043489;D
inglaterra;EFL Championship;46;03/05/2025;Norwich City;Cardiff City;4;2;H;0.0317028985507251;-0.4900362318840577;0.5217391304347828;D
inglaterra;EFL Championship;46;03/05/2025;West Brom;Luton Town;5;3;H;0.180253623188406;-0.4719202898550723;0.6521739130434783;D
inglaterra;EFL Championship;46;03/05/2025;Coventry City;Middlesbrough;2;0;H;0.0806159420289845;0.211050724637681;-0.13043478260869648;D
inglaterra;EFL Championship;46;03/05/2025;Burnley;Millwall;3;1;H;1.0855978260869563;-0.0230978260869557;1.108695652173912;D
inglaterra;EFL Championship;46;03/05/2025;Portsmouth;Hull City;1;1;D;-0.2721920289855081;-0.2069746376811594;-0.0652173913043487;D
inglaterra;EFL Championship;46;03/05/2025;Bristol City;Preston;2;2;D;0.0901268115942034;-0.2359601449275356;0.32608695652173897;D
inglaterra;EFL Championship;46;03/05/2025;Derby County;Stoke City;0;0;D;-0.1625905797101443;-0.3582427536231887;0.1956521739130444;D
inglaterra;EFL Championship;46;03/05/2025;Watford;Sheffield Weds;1;1;D;-0.1662137681159415;-0.1879528985507248;0.021739130434783316;D
inglaterra;EFL Championship;46;03/05/2025;Sheffield Utd;Blackburn;1;1;D;0.5724637681159422;0.0942028985507253;0.47826086956521696;D
inglaterra;EFL Championship;46;03/05/2025;Plymouth Argyle;Leeds United;1;2;A;-0.7952898550724639;1.3786231884057971;-2.1739130434782608;A
inglaterra;EFL Championship;46;03/05/2025;Swansea City;Oxford United;3;3;D;-0.0991847826086963;-0.3383152173913051;0.23913043478260881;D
inglaterra;EFL Championship;46;08/05/2025;Bristol City;Sheffield Utd;0;3;A;0.0901268115942034;0.5724637681159422;-0.48233695652173886;D
inglaterra;EFL Championship;46;09/05/2025;Coventry City;Sunderland;1;2;A;0.0806159420289845;0.3242753623188409;-0.2436594202898564;D
inglaterra;EFL Championship;46;12/05/2025;Sheffield Utd;Bristol City;3;0;H;0.5724637681159422;0.0901268115942034;0.48233695652173886;D
